{
    "baseline_world_size": 1,
    "scaling": {
        "2": {
            "speedup": 1.1673365076046904,
            "efficiency": 0.5836682538023452,
            "epoch_time": 0.02846212651994493,
            "train_time": 0.01753424538506402,
            "eval_time": 0.0103536499871148
        }
    }
}