{
    "baseline_world_size": 1,
    "scaling": {
        "2": {
            "speedup": 0.9372136837296412,
            "efficiency": 0.4686068418648206,
            "epoch_time": 0.032037960158454046,
            "train_time": 0.01997660001118978,
            "eval_time": 0.011521032121446397
        }
    }
}