{
    "baseline_world_size": 1,
    "scaling": {
        "2": {
            "speedup": 0.7036504085516995,
            "efficiency": 0.35182520427584973,
            "epoch_time": 0.03526741398705376,
            "train_time": 0.021451001697116428,
            "eval_time": 0.013244268629286024
        }
    }
}