{
    "baseline_world_size": 1,
    "scaling": {
        "2": {
            "speedup": 0.7332708585569938,
            "efficiency": 0.3666354292784969,
            "epoch_time": 0.040780030356513126,
            "train_time": 0.023994157049391004,
            "eval_time": 0.016189808315700955
        }
    }
}