{
    "baseline_world_size": 1,
    "scaling": {
        "2": {
            "speedup": 0.549767431366279,
            "efficiency": 0.2748837156831395,
            "epoch_time": 0.05377443366580539,
            "train_time": 0.03185494475894504,
            "eval_time": 0.021380800671047636
        }
    }
}